Timestamp,Age,Gender,Please select 6 outfit that you prefer the most! (Female),Please select 6 outfit that you prefer the most! (Male)
2022/07/01 2:09:29 pm GMT+8,15 - 24,Female,Artsy Style;Ethnic Style;Girl Next Door Style;Kpop Style;Preppy Style;Vacation Style,
2022/07/01 2:10:15 pm GMT+8,15 - 24,Male,,Biker Style;Ethnic Style;Formal Office Style;Punk Style;Sporty Style;Vintage Style
2022/07/01 2:11:24 pm GMT+8,15 - 24,Male,,Bohemian Style;Boy Next Door Style;Casual Style;Chic Style;Classy Style;Comfy Style
2022/07/01 2:15:05 pm GMT+8,15 - 24,Female,Comfy Style;Grunge Style;Hip Hop Style;Lolita Style;Punk Style;Sexy Style,
2022/07/01 2:18:02 pm GMT+8,15 - 24,Male,,Biker Style;Casual Style;Classy Style;Comfy Style;Punk Style;Streetwear Style
2022/07/01 2:18:03 pm GMT+8,15 - 24,Female,Casual Style;Comfy Style;Girl Next Door Style;Indie Style;Kpop Style;Streetwear Style,
2022/07/01 2:18:04 pm GMT+8,15 - 24,Male,,Bohemian Style;Boy Next Door Style;Casual Style;Comfy Style;Preppy Style;Vacation Style
2022/07/01 2:18:16 pm GMT+8,15 - 24,Female,Biker Style;Casual Style;Classy Style;Comfy Style;Girl Next Door Style;Streetwear Style,
2022/07/01 2:19:18 pm GMT+8,25 - 54,Female,Bohemian Style;Classy Style;Comfy Style;Formal Office Style;Girl Next Door Style;Streetwear Style,
2022/07/01 2:19:29 pm GMT+8,15 - 24,Male,,Biker Style;Casual Style;Comfy Style;Evening Style;Preppy Style;Vacation Style
2022/07/01 2:20:26 pm GMT+8,15 - 24,Male,,Bohemian Style;Boy Next Door Style;Casual Style;Comfy Style;Sporty Style;Vacation Style
2022/07/01 2:20:40 pm GMT+8,15 - 24,Male,,Artsy Style;Classy Style;Comfy Style;Streetwear Style;Vintage Style;Y2k Style
2022/07/01 2:21:03 pm GMT+8,15 - 24,Female,Comfy Style;Ethnic Style;Hip Hop Style;Indie Style;Sexy Style;Streetwear Style,
2022/07/01 2:21:06 pm GMT+8,15 - 24,Male,,Classy Style;Comfy Style;Formal Office Style;Punk Style;Streetwear Style;Varsity Style
2022/07/01 2:21:43 pm GMT+8,15 - 24,Female,Casual Style;Comfy Style;Girl Next Door Style;Hip Hop Style;Punk Style;Streetwear Style,
2022/07/01 2:21:44 pm GMT+8,15 - 24,Female,Casual Style;Comfy Style;Formal Office Style;Girl Next Door Style;Preppy Style;Sexy Style,
2022/07/01 2:23:19 pm GMT+8,55 - 64,Male,,Biker Style;Casual Style;Chic Style;Evening Style;Grunge Style;Ivy Style
2022/07/01 2:23:32 pm GMT+8,15 - 24,Male,,Bohemian Style;Boy Next Door Style;Casual Style;Preppy Style;Sporty Style;Varsity Style
2022/07/01 2:23:40 pm GMT+8,14 and below,Female,Artsy Style;Indie Style;Lolita Style;Preppy Style;Vintage Style;Y2k Style,
2022/07/01 2:23:57 pm GMT+8,15 - 24,Female,Artsy Style;Bohemian Style;Chic Style;Ethnic Style;Formal Office Style;Girl Next Door Style,
2022/07/01 2:24:02 pm GMT+8,15 - 24,Female,Biker Style;Casual Style;Chic Style;Classy Style;Hip Hop Style;Streetwear Style,
2022/07/01 2:24:33 pm GMT+8,15 - 24,Male,,Biker Style;Boy Next Door Style;Casual Style;Punk Style;Vacation Style;Varsity Style
2022/07/01 2:24:37 pm GMT+8,25 - 54,Female,Bohemian Style;Comfy Style;Hip Hop Style;Sexy Style;Sporty Style;Vacation Style,
2022/07/01 2:25:00 pm GMT+8,55 - 64,Female,Bohemian Style;Casual Style;Comfy Style;Sexy Style;Sporty Style;Vacation Style,
2022/07/01 2:25:35 pm GMT+8,15 - 24,Female,Chic Style;Evening Style;Indie Style;Kpop Style;Preppy Style;Vacation Style,
2022/07/01 2:25:51 pm GMT+8,55 - 64,Male,,Chic Style;Classy Style;Ethnic Style;Evening Style;Ivy Style;Vacation Style
2022/07/01 2:26:18 pm GMT+8,55 - 64,Male,,Boy Next Door Style;Rugged Style;Sporty Style;Streetwear Style;Vacation Style;Vintage Style
2022/07/01 2:26:43 pm GMT+8,65 and above,Male,,Biker Style;Casual Style;Chic Style;Comfy Style;Ethnic Style;Evening Style
2022/07/01 2:27:13 pm GMT+8,25 - 54,Male,,Classy Style;Evening Style;Formal Office Style;Indie Style;Ivy Style;Preppy Style
2022/07/01 2:27:52 pm GMT+8,14 and below,Male,,Bohemian Style;Boy Next Door Style;Comfy Style;Grunge Style;Hip Hop Style;Indie Style
2022/07/01 2:28:31 pm GMT+8,14 and below,Male,,Artsy Style;Indie Style;Streetwear Style;Varsity Style;Vintage Style;Y2k Style
2022/07/01 2:29:28 pm GMT+8,65 and above,Male,,Artsy Style;Bohemian Style;Comfy Style;Grunge Style;Vintage Style;Y2k Style
2022/07/01 2:30:19 pm GMT+8,14 and below,Female,Artsy Style;Casual Style;Girl Next Door Style;Indie Style;Streetwear Style;Vintage Style,
2022/07/01 2:31:00 pm GMT+8,14 and below,Male,,Artsy Style;Boy Next Door Style;Casual Style;Comfy Style;Evening Style;Indie Style
2022/07/01 2:34:45 pm GMT+8,65 and above,Female,Artsy Style;Biker Style;Bohemian Style;Sexy Style;Sporty Style;Streetwear Style,
2022/07/01 2:35:11 pm GMT+8,55 - 64,Female,Casual Style;Comfy Style;Formal Office Style;Grunge Style;Indie Style;Lolita Style,
2022/07/01 2:35:16 pm GMT+8,65 and above,Female,Biker Style;Bohemian Style;Chic Style;Comfy Style;Ethnic Style;Girl Next Door Style,
2022/07/01 2:35:56 pm GMT+8,25 - 54,Female,Chic Style;Ethnic Style;Hip Hop Style;Sexy Style;Vintage Style;Y2k Style,
2022/07/01 2:36:13 pm GMT+8,14 and below,Male,,Boy Next Door Style;Casual Style;Comfy Style;Hip Hop Style;Ivy Style;Preppy Style
2022/07/01 2:36:15 pm GMT+8,65 and above,Male,,Biker Style;Casual Style;Classy Style;Ethnic Style;Grunge Style;Indie Style
2022/07/01 2:37:13 pm GMT+8,65 and above,Male,,Bohemian Style;Chic Style;Evening Style;Hip Hop Style;Ivy Style;Streetwear Style
2022/07/01 2:37:36 pm GMT+8,15 - 24,Male,,Biker Style;Bohemian Style;Boy Next Door Style;Classy Style;Formal Office Style;Preppy Style
2022/07/01 2:42:14 pm GMT+8,15 - 24,Female,Artsy Style;Casual Style;Girl Next Door Style;Kpop Style;Preppy Style;Streetwear Style,
2022/07/01 2:42:47 pm GMT+8,55 - 64,Female,Bohemian Style;Chic Style;Ethnic Style;Evening Style;Formal Office Style;Sexy Style,
2022/07/01 2:43:35 pm GMT+8,65 and above,Male,,Classy Style;Ethnic Style;Evening Style;Formal Office Style;Ivy Style;Preppy Style
2022/07/01 2:43:40 pm GMT+8,25 - 54,Male,,Biker Style;Casual Style;Classy Style;Comfy Style;Formal Office Style;Rugged Style
2022/07/01 2:44:14 pm GMT+8,15 - 24,Female,Grunge Style;Indie Style;Kpop Style;Lolita Style;Vintage Style;Y2k Style,
2022/07/01 2:44:46 pm GMT+8,14 and below,Female,Artsy Style;Biker Style;Girl Next Door Style;Indie Style;Vintage Style;Y2k Style,
2022/07/01 2:45:05 pm GMT+8,14 and below,Female,Biker Style;Chic Style;Classy Style;Hip Hop Style;Punk Style;Streetwear Style,
2022/07/01 2:45:34 pm GMT+8,14 and below,Female,Bohemian Style;Casual Style;Ethnic Style;Grunge Style;Vacation Style;Vintage Style,
2022/07/01 2:45:53 pm GMT+8,15 - 24,Female,Casual Style;Comfy Style;Girl Next Door Style;Sporty Style;Streetwear Style;Vacation Style,
2022/07/01 2:45:56 pm GMT+8,14 and below,Female,Casual Style;Chic Style;Classy Style;Girl Next Door Style;Sexy Style;Sporty Style,
2022/07/01 2:46:19 pm GMT+8,14 and below,Female,Chic Style;Classy Style;Evening Style;Formal Office Style;Sexy Style;Vacation Style,
2022/07/01 2:46:41 pm GMT+8,14 and below,Female,Chic Style;Classy Style;Evening Style;Formal Office Style;Sexy Style;Vacation Style,
2022/07/01 2:47:30 pm GMT+8,14 and below,Female,Casual Style;Comfy Style;Girl Next Door Style;Sexy Style;Sporty Style;Vacation Style,
2022/07/01 2:48:01 pm GMT+8,15 - 24,Female,Casual Style;Comfy Style;Hip Hop Style;Kpop Style;Preppy Style;Punk Style,
2022/07/01 2:48:23 pm GMT+8,14 and below,Female,Ethnic Style;Evening Style;Girl Next Door Style;Preppy Style;Vintage Style;Y2k Style,
2022/07/01 2:48:57 pm GMT+8,14 and below,Female,Chic Style;Classy Style;Evening Style;Formal Office Style;Girl Next Door Style;Sexy Style,
2022/07/01 2:49:27 pm GMT+8,14 and below,Female,Casual Style;Chic Style;Classy Style;Formal Office Style;Sexy Style;Sporty Style,
2022/07/01 2:49:44 pm GMT+8,14 and below,Female,Girl Next Door Style;Hip Hop Style;Indie Style;Kpop Style;Lolita Style;Preppy Style,
2022/07/01 2:50:07 pm GMT+8,14 and below,Female,Artsy Style;Biker Style;Grunge Style;Indie Style;Vintage Style;Y2k Style,
2022/07/01 2:50:33 pm GMT+8,14 and below,Female,Comfy Style;Hip Hop Style;Indie Style;Streetwear Style;Vacation Style;Y2k Style,
2022/07/01 2:50:47 pm GMT+8,15 - 24,Female,Biker Style;Bohemian Style;Casual Style;Comfy Style;Girl Next Door Style;Hip Hop Style,
2022/07/01 2:50:49 pm GMT+8,14 and below,Female,Indie Style;Kpop Style;Lolita Style;Preppy Style;Punk Style;Y2k Style,
2022/07/01 2:51:16 pm GMT+8,14 and below,Female,Artsy Style;Comfy Style;Kpop Style;Punk Style;Streetwear Style;Vintage Style,
2022/07/01 2:51:49 pm GMT+8,15 - 24,Female,Casual Style;Classy Style;Comfy Style;Girl Next Door Style;Hip Hop Style;Indie Style,
2022/07/01 2:52:16 pm GMT+8,14 and below,Female,Artsy Style;Kpop Style;Lolita Style;Preppy Style;Vintage Style;Y2k Style,
2022/07/01 2:52:42 pm GMT+8,14 and below,Female,Biker Style;Casual Style;Hip Hop Style;Punk Style;Sporty Style;Streetwear Style,
2022/07/01 2:53:45 pm GMT+8,14 and below,Female,Bohemian Style;Chic Style;Evening Style;Sexy Style;Sporty Style;Vacation Style,
2022/07/01 2:54:17 pm GMT+8,14 and below,Female,Bohemian Style;Casual Style;Sexy Style;Sporty Style;Streetwear Style;Vacation Style,
2022/07/01 2:54:52 pm GMT+8,14 and below,Female,Casual Style;Comfy Style;Hip Hop Style;Indie Style;Streetwear Style;Y2k Style,
2022/07/01 2:55:37 pm GMT+8,14 and below,Female,Artsy Style;Bohemian Style;Indie Style;Vacation Style;Vintage Style;Y2k Style,
2022/07/01 2:56:04 pm GMT+8,14 and below,Female,Artsy Style;Biker Style;Grunge Style;Indie Style;Vintage Style;Y2k Style,
2022/07/01 2:56:47 pm GMT+8,14 and below,Female,Artsy Style;Biker Style;Grunge Style;Indie Style;Vintage Style;Y2k Style,
2022/07/01 3:31:01 pm GMT+8,15 - 24,Male,,Boy Next Door Style;Classy Style;Comfy Style;Indie Style;Streetwear Style;Vintage Style
2022/07/01 3:39:26 pm GMT+8,15 - 24,Female,Casual Style;Girl Next Door Style;Hip Hop Style;Indie Style;Sexy Style;Streetwear Style,
2022/07/01 3:51:51 pm GMT+8,15 - 24,Female,Artsy Style;Casual Style;Comfy Style;Girl Next Door Style;Hip Hop Style;Streetwear Style,
2022/07/01 4:25:36 pm GMT+8,15 - 24,Female,Casual Style;Chic Style;Classy Style;Evening Style;Kpop Style;Vacation Style,
2022/07/01 5:17:25 pm GMT+8,15 - 24,Female,Casual Style;Chic Style;Classy Style;Kpop Style;Sexy Style;Vacation Style,
2022/07/01 5:50:07 pm GMT+8,15 - 24,Female,Grunge Style;Preppy Style;Punk Style;Sexy Style;Streetwear Style;Vintage Style,
2022/07/01 5:55:12 pm GMT+8,15 - 24,Female,Casual Style;Comfy Style;Girl Next Door Style;Hip Hop Style;Indie Style;Kpop Style,
2022/07/01 6:17:03 pm GMT+8,15 - 24,Female,Artsy Style;Casual Style;Comfy Style;Girl Next Door Style;Hip Hop Style;Streetwear Style,
2022/07/01 6:36:56 pm GMT+8,15 - 24,Female,Formal Office Style;Hip Hop Style;Indie Style;Kpop Style;Sexy Style;Streetwear Style,
2022/07/01 7:44:09 pm GMT+8,15 - 24,Female,Casual Style;Chic Style;Classy Style;Girl Next Door Style;Kpop Style;Sexy Style,
2022/07/01 10:13:44 pm GMT+8,15 - 24,Female,Artsy Style;Classy Style;Ethnic Style;Girl Next Door Style;Lolita Style;Preppy Style,
2022/07/02 9:49:20 am GMT+8,15 - 24,Female,Comfy Style;Girl Next Door Style;Grunge Style;Hip Hop Style;Kpop Style;Streetwear Style,
2022/07/03 8:17:56 pm GMT+8,15 - 24,Male,,Bohemian Style;Boy Next Door Style;Grunge Style;Indie Style;Sporty Style;Varsity Style
2022/07/04 9:28:01 am GMT+8,15 - 24,Female,Artsy Style;Indie Style;Kpop Style;Lolita Style;Preppy Style;Y2k Style,
2022/07/04 9:28:57 am GMT+8,15 - 24,Female,Biker Style;Comfy Style;Hip Hop Style;Punk Style;Sporty Style;Streetwear Style,
2022/07/04 9:29:26 am GMT+8,15 - 24,Female,Bohemian Style;Ethnic Style;Evening Style;Grunge Style;Vacation Style;Vintage Style,
2022/07/04 9:30:12 am GMT+8,15 - 24,Female,Casual Style;Comfy Style;Girl Next Door Style;Hip Hop Style;Sporty Style;Vacation Style,
2022/07/04 9:30:37 am GMT+8,15 - 24,Female,Chic Style;Classy Style;Evening Style;Formal Office Style;Sexy Style;Sporty Style,
2022/07/04 9:30:54 am GMT+8,15 - 24,Female,Casual Style;Chic Style;Classy Style;Evening Style;Formal Office Style;Sexy Style,
2022/07/04 9:31:21 am GMT+8,15 - 24,Female,Casual Style;Comfy Style;Girl Next Door Style;Hip Hop Style;Kpop Style;Streetwear Style,
2022/07/04 9:31:46 am GMT+8,15 - 24,Female,Artsy Style;Bohemian Style;Chic Style;Ethnic Style;Vintage Style;Y2k Style,
2022/07/04 9:32:10 am GMT+8,15 - 24,Female,Evening Style;Formal Office Style;Sexy Style;Sporty Style;Vacation Style;Vintage Style,
2022/07/04 9:32:35 am GMT+8,15 - 24,Female,Casual Style;Chic Style;Classy Style;Formal Office Style;Sporty Style;Vacation Style,
2022/07/04 9:33:06 am GMT+8,15 - 24,Female,Casual Style;Comfy Style;Girl Next Door Style;Hip Hop Style;Sporty Style;Vacation Style,
2022/07/04 9:33:45 am GMT+8,15 - 24,Female,Casual Style;Comfy Style;Girl Next Door Style;Hip Hop Style;Indie Style;Vacation Style,
2022/07/04 9:34:13 am GMT+8,15 - 24,Female,Artsy Style;Bohemian Style;Ethnic Style;Grunge Style;Lolita Style;Vintage Style,
2022/07/04 9:34:42 am GMT+8,15 - 24,Female,Biker Style;Hip Hop Style;Indie Style;Kpop Style;Punk Style;Streetwear Style,
2022/07/04 9:35:29 am GMT+8,15 - 24,Female,Artsy Style;Indie Style;Kpop Style;Punk Style;Vintage Style;Y2k Style,
2022/07/04 9:36:02 am GMT+8,15 - 24,Female,Artsy Style;Grunge Style;Indie Style;Kpop Style;Punk Style;Streetwear Style,
2022/07/04 9:36:32 am GMT+8,15 - 24,Female,Grunge Style;Lolita Style;Preppy Style;Punk Style;Vintage Style;Y2k Style,
2022/07/04 9:37:15 am GMT+8,15 - 24,Female,Biker Style;Grunge Style;Lolita Style;Preppy Style;Punk Style;Vintage Style,
2022/07/04 9:37:50 am GMT+8,15 - 24,Female,Biker Style;Casual Style;Hip Hop Style;Punk Style;Sporty Style;Streetwear Style,
2022/07/04 9:38:33 am GMT+8,15 - 24,Female,Chic Style;Classy Style;Evening Style;Sexy Style;Sporty Style;Vacation Style,
2022/07/04 9:39:27 am GMT+8,15 - 24,Female,Casual Style;Classy Style;Comfy Style;Sporty Style;Streetwear Style;Vacation Style,
2022/07/04 9:40:18 am GMT+8,15 - 24,Female,Artsy Style;Biker Style;Casual Style;Hip Hop Style;Punk Style;Streetwear Style,
2022/07/04 9:40:44 am GMT+8,15 - 24,Female,Bohemian Style;Girl Next Door Style;Indie Style;Vacation Style;Vintage Style;Y2k Style,
2022/07/04 9:41:21 am GMT+8,15 - 24,Female,Artsy Style;Bohemian Style;Grunge Style;Vacation Style;Vintage Style;Y2k Style,
2022/07/04 9:41:47 am GMT+8,15 - 24,Female,Casual Style;Hip Hop Style;Indie Style;Kpop Style;Streetwear Style;Y2k Style,
2022/07/04 9:42:57 am GMT+8,25 - 54,Female,Artsy Style;Bohemian Style;Ethnic Style;Evening Style;Streetwear Style;Vintage Style,
2022/07/04 9:43:42 am GMT+8,25 - 54,Female,Biker Style;Casual Style;Comfy Style;Hip Hop Style;Punk Style;Streetwear Style,
2022/07/04 9:44:06 am GMT+8,25 - 54,Female,Artsy Style;Bohemian Style;Ethnic Style;Grunge Style;Vintage Style;Y2k Style,
2022/07/04 9:44:44 am GMT+8,25 - 54,Female,Casual Style;Comfy Style;Girl Next Door Style;Hip Hop Style;Streetwear Style;Vacation Style,
2022/07/04 9:45:40 am GMT+8,25 - 54,Female,Casual Style;Comfy Style;Girl Next Door Style;Sporty Style;Streetwear Style;Vacation Style,
2022/07/04 9:46:10 am GMT+8,25 - 54,Female,Chic Style;Classy Style;Evening Style;Formal Office Style;Girl Next Door Style;Sexy Style,
2022/07/04 9:46:59 am GMT+8,25 - 54,Female,Chic Style;Classy Style;Evening Style;Formal Office Style;Girl Next Door Style;Sporty Style,
2022/07/04 9:47:20 am GMT+8,25 - 54,Female,Chic Style;Classy Style;Formal Office Style;Sexy Style;Sporty Style;Vacation Style,
2022/07/04 9:47:51 am GMT+8,65 and above,Female,Casual Style;Comfy Style;Girl Next Door Style;Hip Hop Style;Sporty Style;Vacation Style,
2022/07/04 9:48:27 am GMT+8,25 - 54,Female,Artsy Style;Bohemian Style;Ethnic Style;Evening Style;Grunge Style;Lolita Style,
2022/07/04 9:49:31 am GMT+8,25 - 54,Female,Chic Style;Classy Style;Ethnic Style;Evening Style;Formal Office Style;Vintage Style,
2022/07/04 9:49:58 am GMT+8,25 - 54,Female,Casual Style;Chic Style;Classy Style;Formal Office Style;Sexy Style;Sporty Style,
2022/07/04 9:50:28 am GMT+8,25 - 54,Female,Casual Style;Comfy Style;Girl Next Door Style;Indie Style;Sporty Style;Vacation Style,
2022/07/04 9:50:55 am GMT+8,25 - 54,Female,Artsy Style;Biker Style;Bohemian Style;Grunge Style;Indie Style;Punk Style,
2022/07/04 9:51:37 am GMT+8,25 - 54,Female,Biker Style;Casual Style;Hip Hop Style;Punk Style;Sporty Style;Streetwear Style,
2022/07/04 9:52:17 am GMT+8,25 - 54,Female,Casual Style;Girl Next Door Style;Indie Style;Kpop Style;Vacation Style;Y2k Style,
2022/07/04 9:52:35 am GMT+8,25 - 54,Female,Indie Style;Kpop Style;Lolita Style;Preppy Style;Vintage Style;Y2k Style,
2022/07/04 9:54:10 am GMT+8,25 - 54,Female,Artsy Style;Grunge Style;Lolita Style;Preppy Style;Vintage Style;Y2k Style,
2022/07/04 9:54:47 am GMT+8,25 - 54,Female,Artsy Style;Indie Style;Kpop Style;Lolita Style;Preppy Style;Vintage Style,
2022/07/04 9:56:05 am GMT+8,25 - 54,Female,Biker Style;Grunge Style;Hip Hop Style;Punk Style;Sporty Style;Streetwear Style,
2022/07/04 9:56:41 am GMT+8,25 - 54,Female,Bohemian Style;Chic Style;Classy Style;Sexy Style;Sporty Style;Vacation Style,
2022/07/04 9:57:19 am GMT+8,25 - 54,Female,Casual Style;Comfy Style;Girl Next Door Style;Hip Hop Style;Sporty Style;Streetwear Style,
2022/07/04 9:57:51 am GMT+8,25 - 54,Female,Biker Style;Casual Style;Comfy Style;Hip Hop Style;Streetwear Style;Y2k Style,
2022/07/04 9:58:32 am GMT+8,25 - 54,Female,Artsy Style;Biker Style;Casual Style;Hip Hop Style;Punk Style;Streetwear Style,
2022/07/04 9:59:04 am GMT+8,25 - 54,Female,Artsy Style;Indie Style;Kpop Style;Vacation Style;Vintage Style;Y2k Style,
2022/07/04 10:00:37 am GMT+8,25 - 54,Female,Artsy Style;Bohemian Style;Casual Style;Vacation Style;Vintage Style;Y2k Style,
2022/07/04 10:02:23 am GMT+8,25 - 54,Female,Artsy Style;Bohemian Style;Ethnic Style;Grunge Style;Vintage Style;Y2k Style,
2022/07/04 10:03:12 am GMT+8,25 - 54,Female,Artsy Style;Casual Style;Indie Style;Kpop Style;Streetwear Style;Y2k Style,
2022/07/04 10:05:55 am GMT+8,55 - 64,Female,Artsy Style;Bohemian Style;Chic Style;Girl Next Door Style;Indie Style;Vintage Style,
2022/07/04 10:07:50 am GMT+8,25 - 54,Female,Biker Style;Casual Style;Chic Style;Classy Style;Sporty Style;Streetwear Style,
2022/07/04 10:19:27 am GMT+8,25 - 54,Female,Casual Style;Chic Style;Comfy Style;Evening Style;Formal Office Style;Girl Next Door Style,
2022/07/04 10:22:10 am GMT+8,55 - 64,Female,Artsy Style;Bohemian Style;Girl Next Door Style;Preppy Style;Vintage Style;Y2k Style,
2022/07/04 10:23:46 am GMT+8,55 - 64,Female,Biker Style;Casual Style;Chic Style;Classy Style;Punk Style;Streetwear Style,
2022/07/04 10:24:30 am GMT+8,55 - 64,Female,Artsy Style;Bohemian Style;Chic Style;Ethnic Style;Evening Style;Vintage Style,
2022/07/04 10:26:03 am GMT+8,55 - 64,Female,Casual Style;Chic Style;Classy Style;Formal Office Style;Sexy Style;Sporty Style,
2022/07/04 10:26:55 am GMT+8,55 - 64,Female,Casual Style;Chic Style;Classy Style;Formal Office Style;Sexy Style;Vacation Style,
2022/07/04 10:28:56 am GMT+8,55 - 64,Female,Chic Style;Classy Style;Ethnic Style;Evening Style;Sexy Style;Vintage Style,
2022/07/04 10:30:43 am GMT+8,55 - 64,Female,Casual Style;Chic Style;Classy Style;Formal Office Style;Sexy Style;Vacation Style,
2022/07/04 10:33:24 am GMT+8,55 - 64,Female,Casual Style;Comfy Style;Girl Next Door Style;Sexy Style;Sporty Style;Vacation Style,
2022/07/04 10:34:05 am GMT+8,55 - 64,Female,Bohemian Style;Chic Style;Classy Style;Ethnic Style;Evening Style;Sporty Style,
2022/07/04 10:34:57 am GMT+8,55 - 64,Female,Chic Style;Classy Style;Evening Style;Formal Office Style;Girl Next Door Style;Sexy Style,
2022/07/04 10:35:26 am GMT+8,55 - 64,Female,Casual Style;Comfy Style;Formal Office Style;Girl Next Door Style;Sporty Style;Vacation Style,
2022/07/04 10:35:52 am GMT+8,55 - 64,Female,Bohemian Style;Casual Style;Comfy Style;Girl Next Door Style;Sporty Style;Vacation Style,
2022/07/04 10:36:18 am GMT+8,55 - 64,Female,Artsy Style;Bohemian Style;Ethnic Style;Evening Style;Grunge Style;Vintage Style,
2022/07/04 10:36:36 am GMT+8,55 - 64,Female,Chic Style;Classy Style;Ethnic Style;Evening Style;Formal Office Style;Sexy Style,
2022/07/04 10:36:58 am GMT+8,55 - 64,Female,Casual Style;Chic Style;Classy Style;Formal Office Style;Sexy Style;Vacation Style,
2022/07/04 10:37:23 am GMT+8,55 - 64,Female,Casual Style;Comfy Style;Girl Next Door Style;Indie Style;Sporty Style;Vacation Style,
2022/07/04 10:38:23 am GMT+8,55 - 64,Female,Artsy Style;Bohemian Style;Grunge Style;Indie Style;Vintage Style;Y2k Style,
2022/07/04 10:38:49 am GMT+8,55 - 64,Female,Casual Style;Comfy Style;Hip Hop Style;Sporty Style;Streetwear Style;Vacation Style,
2022/07/04 10:39:26 am GMT+8,55 - 64,Female,Artsy Style;Indie Style;Kpop Style;Lolita Style;Preppy Style;Y2k Style,
2022/07/04 10:39:47 am GMT+8,55 - 64,Female,Artsy Style;Indie Style;Kpop Style;Preppy Style;Streetwear Style;Y2k Style,
2022/07/04 10:40:16 am GMT+8,55 - 64,Female,Artsy Style;Grunge Style;Lolita Style;Preppy Style;Vintage Style;Y2k Style,
2022/07/04 10:40:39 am GMT+8,55 - 64,Female,Artsy Style;Casual Style;Indie Style;Kpop Style;Preppy Style;Y2k Style,
2022/07/04 10:41:08 am GMT+8,55 - 64,Female,Biker Style;Comfy Style;Grunge Style;Hip Hop Style;Punk Style;Streetwear Style,
2022/07/04 10:41:53 am GMT+8,55 - 64,Female,Chic Style;Classy Style;Evening Style;Sexy Style;Sporty Style;Vacation Style,
2022/07/04 10:42:24 am GMT+8,55 - 64,Female,Casual Style;Comfy Style;Hip Hop Style;Sporty Style;Streetwear Style;Vacation Style,
2022/07/04 10:42:57 am GMT+8,55 - 64,Female,Biker Style;Casual Style;Hip Hop Style;Punk Style;Sporty Style;Streetwear Style,
2022/07/04 10:43:16 am GMT+8,55 - 64,Female,Biker Style;Casual Style;Comfy Style;Hip Hop Style;Punk Style;Streetwear Style,
2022/07/04 10:43:40 am GMT+8,55 - 64,Female,Artsy Style;Bohemian Style;Indie Style;Vacation Style;Vintage Style;Y2k Style,
2022/07/04 10:44:03 am GMT+8,55 - 64,Female,Artsy Style;Bohemian Style;Preppy Style;Vacation Style;Vintage Style;Y2k Style,
2022/07/04 10:44:50 am GMT+8,55 - 64,Female,Artsy Style;Grunge Style;Indie Style;Kpop Style;Vintage Style;Y2k Style,
2022/07/04 10:45:15 am GMT+8,65 and above,Female,Artsy Style;Bohemian Style;Ethnic Style;Lolita Style;Preppy Style;Vintage Style,
2022/07/04 10:45:38 am GMT+8,65 and above,Female,Biker Style;Chic Style;Classy Style;Evening Style;Punk Style;Sexy Style,
2022/07/04 10:45:56 am GMT+8,65 and above,Female,Artsy Style;Bohemian Style;Ethnic Style;Girl Next Door Style;Vacation Style;Vintage Style,
2022/07/04 10:46:21 am GMT+8,65 and above,Female,Casual Style;Chic Style;Classy Style;Comfy Style;Girl Next Door Style;Sporty Style,
2022/07/04 10:47:01 am GMT+8,65 and above,Female,Casual Style;Classy Style;Comfy Style;Girl Next Door Style;Sporty Style;Vacation Style,
2022/07/04 10:47:32 am GMT+8,65 and above,Female,Biker Style;Casual Style;Chic Style;Classy Style;Evening Style;Sexy Style,
2022/07/04 10:47:48 am GMT+8,65 and above,Female,Casual Style;Chic Style;Classy Style;Ethnic Style;Evening Style;Formal Office Style,
2022/07/04 10:48:27 am GMT+8,65 and above,Female,Casual Style;Comfy Style;Girl Next Door Style;Preppy Style;Sporty Style;Vacation Style,
2022/07/04 10:48:51 am GMT+8,65 and above,Female,Artsy Style;Bohemian Style;Ethnic Style;Preppy Style;Vacation Style;Vintage Style,
2022/07/04 10:49:16 am GMT+8,65 and above,Female,Chic Style;Classy Style;Ethnic Style;Evening Style;Formal Office Style;Sexy Style,
2022/07/04 10:49:35 am GMT+8,65 and above,Female,Casual Style;Chic Style;Classy Style;Formal Office Style;Girl Next Door Style;Sexy Style,
2022/07/04 10:50:19 am GMT+8,65 and above,Female,Chic Style;Classy Style;Ethnic Style;Evening Style;Sexy Style;Vintage Style,
2022/07/04 10:50:35 am GMT+8,65 and above,Female,Casual Style;Chic Style;Classy Style;Formal Office Style;Sexy Style;Sporty Style,
2022/07/04 10:51:05 am GMT+8,65 and above,Female,Bohemian Style;Casual Style;Comfy Style;Girl Next Door Style;Sporty Style;Vacation Style,
2022/07/04 10:51:29 am GMT+8,65 and above,Female,Artsy Style;Bohemian Style;Grunge Style;Indie Style;Kpop Style;Y2k Style,
2022/07/04 10:51:58 am GMT+8,65 and above,Female,Biker Style;Classy Style;Comfy Style;Hip Hop Style;Punk Style;Streetwear Style,
2022/07/04 10:52:22 am GMT+8,65 and above,Female,Indie Style;Kpop Style;Preppy Style;Vacation Style;Vintage Style;Y2k Style,
2022/07/04 10:52:53 am GMT+8,65 and above,Female,Casual Style;Hip Hop Style;Indie Style;Kpop Style;Vintage Style;Y2k Style,
2022/07/04 10:53:41 am GMT+8,65 and above,Female,Biker Style;Kpop Style;Lolita Style;Preppy Style;Punk Style;Vintage Style,
2022/07/04 10:54:04 am GMT+8,65 and above,Female,Artsy Style;Indie Style;Kpop Style;Preppy Style;Vintage Style;Y2k Style,
2022/07/04 10:54:43 am GMT+8,65 and above,Female,Biker Style;Casual Style;Hip Hop Style;Punk Style;Sporty Style;Streetwear Style,
2022/07/04 10:55:17 am GMT+8,65 and above,Female,Casual Style;Chic Style;Classy Style;Sexy Style;Sporty Style;Vacation Style,
2022/07/04 10:56:13 am GMT+8,65 and above,Female,Casual Style;Chic Style;Classy Style;Sexy Style;Sporty Style;Vacation Style,
2022/07/04 10:56:53 am GMT+8,25 - 54,Female,Artsy Style;Bohemian Style;Casual Style;Classy Style;Comfy Style;Ethnic Style,
2022/07/04 10:57:14 am GMT+8,25 - 54,Male,,Bohemian Style;Chic Style;Ethnic Style;Evening Style;Hip Hop Style;Ivy Style
2022/07/04 10:57:40 am GMT+8,65 and above,Female,Biker Style;Casual Style;Hip Hop Style;Sporty Style;Streetwear Style;Vacation Style,
2022/07/04 10:57:45 am GMT+8,55 - 64,Female,Casual Style;Classy Style;Comfy Style;Girl Next Door Style;Sporty Style;Streetwear Style,
2022/07/04 10:59:14 am GMT+8,65 and above,Male,,Casual Style;Comfy Style;Ivy Style;Preppy Style;Rugged Style;Vacation Style
2022/07/04 11:00:21 am GMT+8,14 and below,Male,,Artsy Style;Boy Next Door Style;Casual Style;Comfy Style;Sporty Style;Y2k Style
2022/07/04 11:00:58 am GMT+8,14 and below,Female,Casual Style;Chic Style;Classy Style;Comfy Style;Girl Next Door Style;Hip Hop Style,
2022/07/04 11:01:27 am GMT+8,25 - 54,Female,Grunge Style;Preppy Style;Streetwear Style;Vacation Style;Vintage Style;Y2k Style,
2022/07/04 11:01:56 am GMT+8,65 and above,Female,Biker Style;Casual Style;Classy Style;Hip Hop Style;Sporty Style;Streetwear Style,
2022/07/04 11:02:29 am GMT+8,15 - 24,Male,,Casual Style;Classy Style;Indie Style;Streetwear Style;Vintage Style;Y2k Style
2022/07/04 11:03:18 am GMT+8,55 - 64,Female,Artsy Style;Bohemian Style;Evening Style;Grunge Style;Lolita Style;Punk Style,
2022/07/04 11:03:59 am GMT+8,14 and below,Male,,Boy Next Door Style;Casual Style;Indie Style;Punk Style;Varsity Style;Y2k Style
2022/07/04 11:04:41 am GMT+8,25 - 54,Female,Artsy Style;Biker Style;Chic Style;Comfy Style;Girl Next Door Style;Indie Style,
2022/07/04 11:06:31 am GMT+8,15 - 24,Female,Casual Style;Classy Style;Comfy Style;Girl Next Door Style;Hip Hop Style;Indie Style,
2022/07/04 11:06:55 am GMT+8,65 and above,Female,Biker Style;Casual Style;Grunge Style;Hip Hop Style;Preppy Style;Punk Style,
2022/07/04 11:07:31 am GMT+8,65 and above,Female,Classy Style;Evening Style;Formal Office Style;Sexy Style;Sporty Style;Vacation Style,
2022/07/04 11:07:58 am GMT+8,65 and above,Female,Casual Style;Comfy Style;Hip Hop Style;Sporty Style;Streetwear Style;Vacation Style,
2022/07/04 11:08:02 am GMT+8,55 - 64,Male,,Bohemian Style;Casual Style;Chic Style;Ethnic Style;Evening Style;Formal Office Style
2022/07/04 11:08:23 am GMT+8,65 and above,Female,Biker Style;Casual Style;Hip Hop Style;Punk Style;Sporty Style;Streetwear Style,
2022/07/04 11:08:37 am GMT+8,25 - 54,Female,Biker Style;Chic Style;Classy Style;Evening Style;Punk Style;Sexy Style,
2022/07/04 11:08:49 am GMT+8,65 and above,Female,Artsy Style;Bohemian Style;Casual Style;Sexy Style;Vacation Style;Vintage Style,
2022/07/04 11:09:02 am GMT+8,55 - 64,Male,,Biker Style;Casual Style;Chic Style;Classy Style;Evening Style;Formal Office Style
2022/07/04 11:09:13 am GMT+8,65 and above,Female,Artsy Style;Bohemian Style;Chic Style;Ethnic Style;Vintage Style;Y2k Style,
2022/07/04 11:09:40 am GMT+8,65 and above,Male,,Artsy Style;Ethnic Style;Evening Style;Preppy Style;Rugged Style;Vintage Style
2022/07/04 11:09:41 am GMT+8,65 and above,Female,Artsy Style;Indie Style;Kpop Style;Vacation Style;Vintage Style;Y2k Style,
2022/07/04 11:10:13 am GMT+8,14 and below,Male,,Boy Next Door Style;Casual Style;Grunge Style;Indie Style;Preppy Style;Y2k Style
2022/07/04 11:10:32 am GMT+8,25 - 54,Male,,Grunge Style;Hip Hop Style;Indie Style;Preppy Style;Punk Style;Varsity Style
2022/07/04 11:10:45 am GMT+8,14 and below,Male,,Artsy Style;Bohemian Style;Grunge Style;Indie Style;Preppy Style;Vacation Style
2022/07/04 11:11:04 am GMT+8,14 and below,Male,,Biker Style;Hip Hop Style;Punk Style;Sporty Style;Streetwear Style;Varsity Style
2022/07/04 11:11:28 am GMT+8,25 - 54,Female,Biker Style;Grunge Style;Indie Style;Kpop Style;Preppy Style;Sporty Style,
2022/07/04 11:11:38 am GMT+8,65 and above,Male,,Artsy Style;Bohemian Style;Indie Style;Vacation Style;Vintage Style;Y2k Style
2022/07/04 11:12:06 am GMT+8,15 - 24,Female,Casual Style;Hip Hop Style;Kpop Style;Punk Style;Streetwear Style;Vacation Style,
2022/07/04 11:12:07 am GMT+8,14 and below,Male,,Boy Next Door Style;Casual Style;Comfy Style;Hip Hop Style;Indie Style;Varsity Style
2022/07/04 11:12:32 am GMT+8,25 - 54,Female,Biker Style;Classy Style;Evening Style;Grunge Style;Punk Style;Streetwear Style,
2022/07/04 11:12:32 am GMT+8,14 and below,Male,,Boy Next Door Style;Casual Style;Chic Style;Comfy Style;Hip Hop Style;Sporty Style
2022/07/04 11:13:03 am GMT+8,55 - 64,Female,Artsy Style;Bohemian Style;Ethnic Style;Lolita Style;Vintage Style;Y2k Style,
2022/07/04 11:13:19 am GMT+8,14 and below,Male,,Chic Style;Classy Style;Evening Style;Formal Office Style;Preppy Style;Vintage Style
2022/07/04 11:13:35 am GMT+8,25 - 54,Male,,Artsy Style;Grunge Style;Hip Hop Style;Ivy Style;Sporty Style;Streetwear Style
2022/07/04 11:13:54 am GMT+8,14 and below,Male,,Chic Style;Classy Style;Evening Style;Formal Office Style;Ivy Style;Vintage Style
2022/07/04 11:14:16 am GMT+8,14 and below,Male,,Boy Next Door Style;Casual Style;Comfy Style;Hip Hop Style;Sporty Style;Vacation Style
2022/07/04 11:15:25 am GMT+8,14 and below,Male,,Boy Next Door Style;Casual Style;Comfy Style;Indie Style;Sporty Style;Vacation Style
2022/07/04 11:15:53 am GMT+8,14 and below,Male,,Bohemian Style;Ethnic Style;Grunge Style;Indie Style;Preppy Style;Vacation Style
2022/07/04 11:16:05 am GMT+8,15 - 24,Male,,Artsy Style;Bohemian Style;Boy Next Door Style;Casual Style;Grunge Style;Ivy Style
2022/07/04 11:16:10 am GMT+8,65 and above,Male,,Biker Style;Classy Style;Ethnic Style;Evening Style;Formal Office Style;Ivy Style
2022/07/04 11:17:22 am GMT+8,25 - 54,Female,Artsy Style;Bohemian Style;Chic Style;Ethnic Style;Evening Style;Lolita Style,
2022/07/04 11:17:25 am GMT+8,14 and below,Male,,Chic Style;Classy Style;Evening Style;Formal Office Style;Ivy Style;Preppy Style
2022/07/04 11:20:18 am GMT+8,14 and below,Male,,Chic Style;Classy Style;Evening Style;Formal Office Style;Ivy Style;Preppy Style
2022/07/04 11:20:57 am GMT+8,14 and below,Male,,Grunge Style;Indie Style;Ivy Style;Varsity Style;Vintage Style;Y2k Style
2022/07/04 11:22:14 am GMT+8,14 and below,Male,,Biker Style;Boy Next Door Style;Comfy Style;Hip Hop Style;Streetwear Style;Varsity Style
2022/07/04 11:22:15 am GMT+8,25 - 54,Female,Casual Style;Chic Style;Classy Style;Comfy Style;Formal Office Style;Girl Next Door Style,
2022/07/04 11:22:54 am GMT+8,14 and below,Male,,Boy Next Door Style;Casual Style;Indie Style;Preppy Style;Rugged Style;Varsity Style
2022/07/04 11:23:07 am GMT+8,65 and above,Male,,Bohemian Style;Boy Next Door Style;Punk Style;Streetwear Style;Varsity Style;Y2k Style
2022/07/04 11:23:45 am GMT+8,14 and below,Male,,Biker Style;Chic Style;Classy Style;Evening Style;Ivy Style;Rugged Style
2022/07/04 11:24:49 am GMT+8,14 and below,Male,,Bohemian Style;Casual Style;Comfy Style;Preppy Style;Sporty Style;Vacation Style
2022/07/04 11:25:57 am GMT+8,14 and below,Male,,Biker Style;Grunge Style;Hip Hop Style;Punk Style;Rugged Style;Streetwear Style
2022/07/04 11:26:27 am GMT+8,14 and below,Male,,Grunge Style;Indie Style;Rugged Style;Sporty Style;Streetwear Style;Varsity Style
2022/07/04 11:27:14 am GMT+8,14 and below,Male,,Boy Next Door Style;Casual Style;Hip Hop Style;Sporty Style;Vacation Style;Varsity Style
2022/07/04 11:28:01 am GMT+8,14 and below,Male,,Artsy Style;Hip Hop Style;Indie Style;Streetwear Style;Vintage Style;Y2k Style
2022/07/04 1:03:36 pm GMT+8,14 and below,Male,,Boy Next Door Style;Casual Style;Comfy Style;Formal Office Style;Sporty Style;Vacation Style
2022/07/04 1:04:05 pm GMT+8,15 - 24,Male,,Artsy Style;Casual Style;Classy Style;Comfy Style;Hip Hop Style;Streetwear Style
2022/07/04 1:05:30 pm GMT+8,14 and below,Male,,Grunge Style;Ivy Style;Rugged Style;Streetwear Style;Varsity Style;Vintage Style
2022/07/04 1:10:23 pm GMT+8,14 and below,Female,Biker Style;Casual Style;Hip Hop Style;Indie Style;Streetwear Style;Y2k Style,
2022/07/04 1:11:02 pm GMT+8,14 and below,Female,Casual Style;Comfy Style;Girl Next Door Style;Hip Hop Style;Streetwear Style;Vacation Style,
2022/07/04 1:29:43 pm GMT+8,14 and below,Male,,Artsy Style;Bohemian Style;Chic Style;Indie Style;Vintage Style;Y2k Style
2022/07/04 1:34:44 pm GMT+8,14 and below,Male,,Boy Next Door Style;Casual Style;Hip Hop Style;Preppy Style;Sporty Style;Varsity Style
2022/07/04 1:36:22 pm GMT+8,14 and below,Male,,Chic Style;Hip Hop Style;Indie Style;Streetwear Style;Varsity Style;Vintage Style
2022/07/04 1:44:19 pm GMT+8,14 and below,Male,,Boy Next Door Style;Casual Style;Comfy Style;Hip Hop Style;Sporty Style;Varsity Style
2022/07/04 1:45:21 pm GMT+8,14 and below,Male,,Biker Style;Chic Style;Classy Style;Punk Style;Streetwear Style;Vintage Style
2022/07/04 1:47:04 pm GMT+8,14 and below,Male,,Artsy Style;Bohemian Style;Casual Style;Comfy Style;Preppy Style;Vacation Style
2022/07/04 1:48:55 pm GMT+8,14 and below,Male,,Casual Style;Comfy Style;Grunge Style;Hip Hop Style;Sporty Style;Varsity Style
2022/07/04 1:50:16 pm GMT+8,14 and below,Male,,Artsy Style;Bohemian Style;Hip Hop Style;Indie Style;Vintage Style;Y2k Style
2022/07/04 1:51:24 pm GMT+8,14 and below,Male,,Artsy Style;Bohemian Style;Chic Style;Hip Hop Style;Vintage Style;Y2k Style
2022/07/04 1:51:44 pm GMT+8,15 - 24,Male,,Artsy Style;Bohemian Style;Chic Style;Indie Style;Vintage Style;Y2k Style
2022/07/04 2:33:19 pm GMT+8,15 - 24,Male,,Artsy Style;Bohemian Style;Chic Style;Ethnic Style;Evening Style;Vintage Style
2022/07/04 2:33:43 pm GMT+8,15 - 24,Male,,Chic Style;Classy Style;Evening Style;Formal Office Style;Streetwear Style;Vintage Style
2022/07/04 2:34:28 pm GMT+8,15 - 24,Male,,Casual Style;Chic Style;Classy Style;Evening Style;Formal Office Style;Ivy Style
2022/07/04 2:35:03 pm GMT+8,15 - 24,Male,,Boy Next Door Style;Casual Style;Grunge Style;Indie Style;Vacation Style;Vintage Style
2022/07/04 2:35:29 pm GMT+8,15 - 24,Male,,Casual Style;Hip Hop Style;Sporty Style;Varsity Style;Vintage Style;Y2k Style
2022/07/04 2:36:03 pm GMT+8,15 - 24,Male,,Artsy Style;Bohemian Style;Boy Next Door Style;Indie Style;Ivy Style;Preppy Style
2022/07/04 2:36:27 pm GMT+8,15 - 24,Male,,Classy Style;Formal Office Style;Grunge Style;Indie Style;Ivy Style;Rugged Style
2022/07/04 2:37:07 pm GMT+8,15 - 24,Male,,Boy Next Door Style;Indie Style;Ivy Style;Preppy Style;Vacation Style;Varsity Style
2022/07/04 2:37:34 pm GMT+8,15 - 24,Male,,Biker Style;Hip Hop Style;Punk Style;Streetwear Style;Varsity Style;Vintage Style
2022/07/04 2:38:06 pm GMT+8,15 - 24,Male,,Classy Style;Formal Office Style;Indie Style;Ivy Style;Rugged Style;Vintage Style
2022/07/04 2:38:28 pm GMT+8,15 - 24,Male,,Casual Style;Comfy Style;Hip Hop Style;Sporty Style;Streetwear Style;Varsity Style
2022/07/04 2:38:48 pm GMT+8,15 - 24,Male,,Biker Style;Chic Style;Classy Style;Hip Hop Style;Streetwear Style;Vintage Style
2022/07/04 2:39:32 pm GMT+8,15 - 24,Male,,Artsy Style;Bohemian Style;Boy Next Door Style;Casual Style;Comfy Style;Vacation Style
2022/07/04 2:39:52 pm GMT+8,15 - 24,Male,,Indie Style;Ivy Style;Preppy Style;Rugged Style;Sporty Style;Varsity Style
2022/07/04 2:41:04 pm GMT+8,15 - 24,Male,,Artsy Style;Bohemian Style;Hip Hop Style;Indie Style;Vintage Style;Y2k Style
2022/07/04 2:41:22 pm GMT+8,15 - 24,Male,,Artsy Style;Bohemian Style;Chic Style;Indie Style;Vintage Style;Y2k Style
2022/07/04 2:42:13 pm GMT+8,25 - 54,Male,,Artsy Style;Bohemian Style;Chic Style;Classy Style;Vacation Style;Vintage Style
2022/07/04 2:42:33 pm GMT+8,25 - 54,Male,,Biker Style;Chic Style;Evening Style;Ivy Style;Punk Style;Streetwear Style
2022/07/04 2:43:08 pm GMT+8,25 - 54,Male,,Artsy Style;Bohemian Style;Chic Style;Preppy Style;Vacation Style;Vintage Style
2022/07/04 2:43:38 pm GMT+8,25 - 54,Male,,Boy Next Door Style;Casual Style;Comfy Style;Hip Hop Style;Indie Style;Preppy Style
2022/07/04 2:43:55 pm GMT+8,25 - 54,Male,,Casual Style;Comfy Style;Formal Office Style;Preppy Style;Sporty Style;Vacation Style
2022/07/04 2:44:24 pm GMT+8,25 - 54,Male,,Chic Style;Classy Style;Evening Style;Formal Office Style;Ivy Style;Preppy Style
2022/07/04 2:45:05 pm GMT+8,25 - 54,Male,,Biker Style;Chic Style;Classy Style;Preppy Style;Streetwear Style;Vintage Style
2022/07/04 2:45:28 pm GMT+8,25 - 54,Male,,Chic Style;Classy Style;Evening Style;Formal Office Style;Ivy Style;Rugged Style
2022/07/04 2:47:48 pm GMT+8,25 - 54,Male,,Boy Next Door Style;Casual Style;Comfy Style;Grunge Style;Sporty Style;Vacation Style
2022/07/04 2:48:36 pm GMT+8,25 - 54,Male,,Ethnic Style;Evening Style;Formal Office Style;Ivy Style;Rugged Style;Vintage Style
2022/07/04 2:49:00 pm GMT+8,25 - 54,Male,,Biker Style;Chic Style;Classy Style;Evening Style;Formal Office Style;Ivy Style
2022/07/04 2:49:43 pm GMT+8,25 - 54,Male,,Evening Style;Formal Office Style;Ivy Style;Preppy Style;Rugged Style;Vintage Style
2022/07/04 2:58:22 pm GMT+8,25 - 54,Male,,Grunge Style;Indie Style;Ivy Style;Preppy Style;Rugged Style;Vintage Style
2022/07/04 2:59:23 pm GMT+8,25 - 54,Male,,Artsy Style;Biker Style;Casual Style;Hip Hop Style;Sporty Style;Streetwear Style
2022/07/04 3:01:17 pm GMT+8,25 - 54,Male,,Bohemian Style;Casual Style;Indie Style;Ivy Style;Rugged Style;Vacation Style
2022/07/04 3:02:26 pm GMT+8,25 - 54,Male,,Chic Style;Classy Style;Evening Style;Formal Office Style;Ivy Style;Preppy Style
2022/07/04 3:03:46 pm GMT+8,25 - 54,Male,,Boy Next Door Style;Indie Style;Ivy Style;Preppy Style;Rugged Style;Varsity Style
2022/07/04 3:04:50 pm GMT+8,25 - 54,Male,,Artsy Style;Biker Style;Ivy Style;Punk Style;Rugged Style;Vintage Style
2022/07/04 3:06:46 pm GMT+8,25 - 54,Male,,Biker Style;Evening Style;Punk Style;Rugged Style;Streetwear Style;Vintage Style
2022/07/04 3:15:44 pm GMT+8,25 - 54,Male,,Casual Style;Comfy Style;Hip Hop Style;Sporty Style;Vacation Style;Varsity Style
2022/07/04 3:16:19 pm GMT+8,15 - 24,Female,Casual Style;Chic Style;Classy Style;Comfy Style;Girl Next Door Style;Kpop Style,
2022/07/04 3:17:34 pm GMT+8,25 - 54,Female,Biker Style;Classy Style;Evening Style;Grunge Style;Indie Style;Preppy Style,
2022/07/04 3:18:15 pm GMT+8,15 - 24,Male,,Biker Style;Evening Style;Hip Hop Style;Ivy Style;Punk Style;Streetwear Style
2022/07/04 3:19:55 pm GMT+8,65 and above,Female,Bohemian Style;Ethnic Style;Evening Style;Grunge Style;Kpop Style;Lolita Style,
2022/07/04 3:20:55 pm GMT+8,25 - 54,Male,,Casual Style;Comfy Style;Hip Hop Style;Sporty Style;Vacation Style;Varsity Style
2022/07/04 3:21:03 pm GMT+8,25 - 54,Male,,Artsy Style;Boy Next Door Style;Casual Style;Chic Style;Classy Style;Comfy Style
2022/07/04 3:22:00 pm GMT+8,25 - 54,Male,,Chic Style;Classy Style;Hip Hop Style;Streetwear Style;Vintage Style;Y2k Style
2022/07/04 3:24:27 pm GMT+8,14 and below,Male,,Artsy Style;Bohemian Style;Chic Style;Evening Style;Grunge Style;Ivy Style
2022/07/04 3:25:04 pm GMT+8,25 - 54,Male,,Artsy Style;Chic Style;Classy Style;Hip Hop Style;Streetwear Style;Vintage Style
2022/07/04 3:26:31 pm GMT+8,25 - 54,Male,,Artsy Style;Bohemian Style;Casual Style;Comfy Style;Grunge Style;Vacation Style
2022/07/04 3:26:53 pm GMT+8,25 - 54,Male,,Artsy Style;Bohemian Style;Boy Next Door Style;Grunge Style;Hip Hop Style;Indie Style
2022/07/04 3:27:03 pm GMT+8,25 - 54,Male,,Casual Style;Comfy Style;Grunge Style;Hip Hop Style;Rugged Style;Varsity Style
2022/07/04 3:27:40 pm GMT+8,55 - 64,Male,,Biker Style;Evening Style;Hip Hop Style;Ivy Style;Punk Style;Rugged Style
2022/07/04 3:27:44 pm GMT+8,25 - 54,Male,,Bohemian Style;Indie Style;Rugged Style;Streetwear Style;Vintage Style;Y2k Style
2022/07/04 3:28:23 pm GMT+8,25 - 54,Male,,Artsy Style;Bohemian Style;Ethnic Style;Streetwear Style;Vintage Style;Y2k Style
2022/07/04 3:28:40 pm GMT+8,25 - 54,Female,Artsy Style;Bohemian Style;Ethnic Style;Lolita Style;Preppy Style;Vintage Style,
2022/07/04 3:28:48 pm GMT+8,25 - 54,Male,,Ethnic Style;Grunge Style;Indie Style;Punk Style;Rugged Style;Vintage Style
2022/07/04 3:29:16 pm GMT+8,55 - 64,Male,,Artsy Style;Bohemian Style;Grunge Style;Indie Style;Vintage Style;Y2k Style
2022/07/04 3:30:27 pm GMT+8,55 - 64,Male,,Biker Style;Casual Style;Chic Style;Classy Style;Hip Hop Style;Punk Style
2022/07/04 3:30:54 pm GMT+8,55 - 64,Male,,Artsy Style;Bohemian Style;Ethnic Style;Indie Style;Preppy Style;Vacation Style
2022/07/04 3:31:23 pm GMT+8,15 - 24,Female,Biker Style;Classy Style;Evening Style;Punk Style;Streetwear Style;Y2k Style,
2022/07/04 3:31:25 pm GMT+8,55 - 64,Male,,Artsy Style;Bohemian Style;Ethnic Style;Grunge Style;Vacation Style;Vintage Style
2022/07/04 3:31:55 pm GMT+8,55 - 64,Male,,Boy Next Door Style;Casual Style;Comfy Style;Grunge Style;Hip Hop Style;Indie Style
2022/07/04 3:32:29 pm GMT+8,25 - 54,Female,Casual Style;Comfy Style;Girl Next Door Style;Streetwear Style;Vintage Style;Y2k Style,
2022/07/04 3:32:44 pm GMT+8,15 - 24,Male,,Casual Style;Comfy Style;Formal Office Style;Grunge Style;Hip Hop Style;Sporty Style
2022/07/04 3:33:07 pm GMT+8,55 - 64,Male,,Artsy Style;Chic Style;Classy Style;Evening Style;Formal Office Style;Ivy Style
2022/07/04 3:33:24 pm GMT+8,25 - 54,Male,,Artsy Style;Bohemian Style;Chic Style;Classy Style;Evening Style;Formal Office Style
2022/07/04 3:34:42 pm GMT+8,55 - 64,Male,,Casual Style;Comfy Style;Hip Hop Style;Preppy Style;Sporty Style;Vacation Style
2022/07/04 3:35:11 pm GMT+8,14 and below,Female,Artsy Style;Bohemian Style;Casual Style;Grunge Style;Kpop Style;Lolita Style,
2022/07/04 3:35:12 pm GMT+8,25 - 54,Male,,Artsy Style;Chic Style;Classy Style;Evening Style;Streetwear Style;Vintage Style
2022/07/04 3:35:37 pm GMT+8,55 - 64,Male,,Artsy Style;Biker Style;Chic Style;Classy Style;Streetwear Style;Vintage Style
2022/07/04 3:36:15 pm GMT+8,14 and below,Male,,Artsy Style;Bohemian Style;Boy Next Door Style;Casual Style;Comfy Style;Grunge Style
2022/07/04 3:36:27 pm GMT+8,55 - 64,Male,,Boy Next Door Style;Casual Style;Comfy Style;Sporty Style;Vacation Style;Varsity Style
2022/07/04 3:36:52 pm GMT+8,15 - 24,Male,,Biker Style;Chic Style;Classy Style;Evening Style;Formal Office Style;Grunge Style
2022/07/04 3:37:06 pm GMT+8,55 - 64,Male,,Artsy Style;Bohemian Style;Ethnic Style;Ivy Style;Vacation Style;Vintage Style
2022/07/04 3:37:37 pm GMT+8,15 - 24,Female,Biker Style;Casual Style;Classy Style;Comfy Style;Hip Hop Style;Punk Style,
2022/07/04 3:38:06 pm GMT+8,55 - 64,Male,,Casual Style;Chic Style;Classy Style;Evening Style;Formal Office Style;Ivy Style
2022/07/04 3:38:42 pm GMT+8,55 - 64,Male,,Casual Style;Chic Style;Classy Style;Evening Style;Formal Office Style;Preppy Style
2022/07/04 3:39:32 pm GMT+8,55 - 64,Male,,Bohemian Style;Grunge Style;Indie Style;Preppy Style;Vacation Style;Vintage Style
2022/07/04 3:40:53 pm GMT+8,55 - 64,Male,,Boy Next Door Style;Grunge Style;Indie Style;Preppy Style;Rugged Style;Vintage Style
2022/07/04 3:41:22 pm GMT+8,55 - 64,Male,,Comfy Style;Grunge Style;Hip Hop Style;Sporty Style;Streetwear Style;Varsity Style
2022/07/04 3:42:18 pm GMT+8,15 - 24,Female,Artsy Style;Girl Next Door Style;Grunge Style;Hip Hop Style;Kpop Style;Preppy Style,
2022/07/04 3:42:30 pm GMT+8,55 - 64,Male,,Casual Style;Grunge Style;Indie Style;Streetwear Style;Varsity Style;Vintage Style
2022/07/04 3:43:30 pm GMT+8,55 - 64,Male,,Grunge Style;Ivy Style;Preppy Style;Sporty Style;Varsity Style;Vintage Style
2022/07/04 3:43:52 pm GMT+8,25 - 54,Female,Biker Style;Chic Style;Classy Style;Evening Style;Formal Office Style;Vacation Style,
2022/07/04 3:44:14 pm GMT+8,55 - 64,Male,,Boy Next Door Style;Grunge Style;Ivy Style;Preppy Style;Rugged Style;Vacation Style
2022/07/04 3:45:25 pm GMT+8,25 - 54,Male,,Biker Style;Hip Hop Style;Punk Style;Streetwear Style;Vintage Style;Y2k Style
2022/07/04 3:46:11 pm GMT+8,65 and above,Female,Bohemian Style;Grunge Style;Lolita Style;Preppy Style;Vacation Style;Vintage Style,
2022/07/04 3:48:27 pm GMT+8,55 - 64,Female,Chic Style;Classy Style;Comfy Style;Formal Office Style;Girl Next Door Style;Hip Hop Style,
2022/07/04 3:49:08 pm GMT+8,65 and above,Male,,Biker Style;Casual Style;Chic Style;Classy Style;Evening Style;Formal Office Style
2022/07/04 3:50:27 pm GMT+8,55 - 64,Female,Artsy Style;Bohemian Style;Chic Style;Ethnic Style;Evening Style;Grunge Style,
2022/07/04 3:51:21 pm GMT+8,55 - 64,Male,,Biker Style;Chic Style;Evening Style;Formal Office Style;Hip Hop Style;Ivy Style
2022/07/04 9:08:09 pm GMT+8,15 - 24,Female,Casual Style;Comfy Style;Formal Office Style;Girl Next Door Style;Kpop Style;Vacation Style,
2022/07/04 9:09:04 pm GMT+8,15 - 24,Male,,Boy Next Door Style;Casual Style;Classy Style;Comfy Style;Ivy Style;Preppy Style
2022/07/04 9:19:01 pm GMT+8,15 - 24,Female,Artsy Style;Casual Style;Classy Style;Comfy Style;Girl Next Door Style;Hip Hop Style,
2022/07/04 9:21:03 pm GMT+8,15 - 24,Female,Biker Style;Casual Style;Classy Style;Formal Office Style;Girl Next Door Style;Hip Hop Style,
2022/07/04 9:28:21 pm GMT+8,55 - 64,Female,Artsy Style;Bohemian Style;Casual Style;Chic Style;Formal Office Style;Vintage Style,
2022/07/04 9:44:13 pm GMT+8,15 - 24,Female,Biker Style;Classy Style;Kpop Style;Lolita Style;Preppy Style;Punk Style,
2022/07/04 10:25:01 pm GMT+8,15 - 24,Female,Casual Style;Chic Style;Classy Style;Evening Style;Sexy Style;Vacation Style,
2022/07/05 10:00:39 am GMT+8,14 and below,Male,,Casual Style;Comfy Style;Grunge Style;Indie Style;Vacation Style;Vintage Style
2022/07/05 10:08:56 am GMT+8,14 and below,Male,,Casual Style;Comfy Style;Hip Hop Style;Indie Style;Varsity Style;Vintage Style
2022/07/05 10:09:34 am GMT+8,14 and below,Male,,Boy Next Door Style;Indie Style;Preppy Style;Vacation Style;Vintage Style;Y2k Style
2022/07/05 10:10:30 am GMT+8,25 - 54,Male,,Artsy Style;Biker Style;Formal Office Style;Ivy Style;Punk Style;Vintage Style
2022/07/05 10:10:47 am GMT+8,25 - 54,Male,,Biker Style;Chic Style;Classy Style;Evening Style;Formal Office Style;Punk Style
2022/07/05 10:11:19 am GMT+8,25 - 54,Male,,Artsy Style;Bohemian Style;Chic Style;Classy Style;Ethnic Style;Streetwear Style
2022/07/05 10:11:51 am GMT+8,25 - 54,Male,,Boy Next Door Style;Casual Style;Comfy Style;Sporty Style;Vacation Style;Varsity Style
2022/07/05 10:12:10 am GMT+8,25 - 54,Male,,Bohemian Style;Casual Style;Comfy Style;Formal Office Style;Hip Hop Style;Sporty Style
2022/07/05 10:12:32 am GMT+8,25 - 54,Male,,Chic Style;Classy Style;Comfy Style;Evening Style;Formal Office Style;Ivy Style
2022/07/05 10:12:47 am GMT+8,25 - 54,Male,,Chic Style;Classy Style;Evening Style;Formal Office Style;Ivy Style;Vintage Style
2022/07/05 10:13:08 am GMT+8,25 - 54,Male,,Bohemian Style;Boy Next Door Style;Casual Style;Comfy Style;Hip Hop Style;Sporty Style
2022/07/05 10:13:32 am GMT+8,25 - 54,Male,,Bohemian Style;Casual Style;Comfy Style;Preppy Style;Sporty Style;Vacation Style
2022/07/05 10:14:11 am GMT+8,25 - 54,Male,,Artsy Style;Bohemian Style;Casual Style;Ethnic Style;Streetwear Style;Vintage Style
2022/07/05 10:14:28 am GMT+8,25 - 54,Male,,Biker Style;Chic Style;Classy Style;Evening Style;Formal Office Style;Ivy Style
2022/07/05 10:14:52 am GMT+8,25 - 54,Male,,Chic Style;Classy Style;Formal Office Style;Ivy Style;Vacation Style;Vintage Style
2022/07/05 10:15:04 am GMT+8,25 - 54,Male,,Grunge Style;Indie Style;Ivy Style;Preppy Style;Rugged Style;Vintage Style
2022/07/05 10:15:26 am GMT+8,25 - 54,Male,,Casual Style;Comfy Style;Grunge Style;Hip Hop Style;Rugged Style;Streetwear Style
2022/07/05 10:16:30 am GMT+8,25 - 54,Male,,Classy Style;Formal Office Style;Ivy Style;Preppy Style;Rugged Style;Vintage Style
2022/07/05 10:16:56 am GMT+8,25 - 54,Male,,Casual Style;Comfy Style;Grunge Style;Ivy Style;Preppy Style;Vacation Style
2022/07/05 10:17:32 am GMT+8,25 - 54,Male,,Biker Style;Bohemian Style;Casual Style;Punk Style;Streetwear Style;Vintage Style
2022/07/05 10:23:23 am GMT+8,55 - 64,Male,,Artsy Style;Bohemian Style;Casual Style;Comfy Style;Ethnic Style;Vintage Style
2022/07/05 10:23:36 am GMT+8,55 - 64,Male,,Biker Style;Chic Style;Classy Style;Hip Hop Style;Punk Style;Streetwear Style
2022/07/05 10:24:04 am GMT+8,55 - 64,Male,,Bohemian Style;Boy Next Door Style;Casual Style;Classy Style;Ethnic Style;Vacation Style
2022/07/05 10:24:26 am GMT+8,55 - 64,Male,,Boy Next Door Style;Casual Style;Classy Style;Comfy Style;Formal Office Style;Preppy Style
2022/07/05 10:24:43 am GMT+8,25 - 54,Male,,Casual Style;Classy Style;Evening Style;Formal Office Style;Ivy Style;Preppy Style
2022/07/05 10:25:35 am GMT+8,55 - 64,Male,,Casual Style;Comfy Style;Formal Office Style;Preppy Style;Sporty Style;Vacation Style
2022/07/05 10:25:59 am GMT+8,55 - 64,Male,,Chic Style;Classy Style;Evening Style;Formal Office Style;Ivy Style;Rugged Style
2022/07/05 10:26:34 am GMT+8,55 - 64,Male,,Casual Style;Chic Style;Classy Style;Evening Style;Formal Office Style;Preppy Style
2022/07/05 10:26:53 am GMT+8,55 - 64,Male,,Casual Style;Comfy Style;Formal Office Style;Preppy Style;Sporty Style;Vacation Style
2022/07/05 10:27:18 am GMT+8,55 - 64,Male,,Chic Style;Classy Style;Evening Style;Formal Office Style;Ivy Style;Preppy Style
2022/07/05 10:27:41 am GMT+8,55 - 64,Male,,Bohemian Style;Casual Style;Comfy Style;Formal Office Style;Sporty Style;Vacation Style
2022/07/05 10:28:05 am GMT+8,55 - 64,Male,,Bohemian Style;Casual Style;Ethnic Style;Ivy Style;Preppy Style;Vintage Style
2022/07/05 10:29:01 am GMT+8,55 - 64,Male,,Biker Style;Chic Style;Classy Style;Evening Style;Formal Office Style;Ivy Style
2022/07/05 10:29:49 am GMT+8,55 - 64,Male,,Casual Style;Formal Office Style;Ivy Style;Preppy Style;Rugged Style;Vacation Style
2022/07/05 10:30:13 am GMT+8,55 - 64,Male,,Biker Style;Bohemian Style;Grunge Style;Ivy Style;Rugged Style;Vacation Style
2022/07/05 10:30:53 am GMT+8,55 - 64,Male,,Casual Style;Comfy Style;Hip Hop Style;Rugged Style;Sporty Style;Varsity Style
2022/07/05 10:31:37 am GMT+8,55 - 64,Male,,Casual Style;Indie Style;Ivy Style;Preppy Style;Rugged Style;Vintage Style
2022/07/05 10:31:58 am GMT+8,55 - 64,Male,,Classy Style;Evening Style;Formal Office Style;Ivy Style;Preppy Style;Rugged Style
2022/07/05 10:32:22 am GMT+8,55 - 64,Male,,Biker Style;Bohemian Style;Casual Style;Formal Office Style;Ivy Style;Preppy Style
2022/07/05 10:33:19 am GMT+8,55 - 64,Male,,Classy Style;Grunge Style;Ivy Style;Preppy Style;Rugged Style;Vacation Style
2022/07/05 10:33:40 am GMT+8,55 - 64,Male,,Biker Style;Chic Style;Punk Style;Rugged Style;Streetwear Style;Vintage Style
2022/07/05 10:34:32 am GMT+8,55 - 64,Male,,Bohemian Style;Formal Office Style;Grunge Style;Ivy Style;Rugged Style;Sporty Style
2022/07/05 10:37:00 am GMT+8,55 - 64,Male,,Artsy Style;Biker Style;Chic Style;Hip Hop Style;Streetwear Style;Vintage Style
2022/07/05 10:37:29 am GMT+8,55 - 64,Male,,Artsy Style;Bohemian Style;Casual Style;Comfy Style;Preppy Style;Vacation Style
2022/07/05 10:40:31 am GMT+8,55 - 64,Male,,Boy Next Door Style;Comfy Style;Hip Hop Style;Rugged Style;Sporty Style;Varsity Style
2022/07/05 10:40:48 am GMT+8,55 - 64,Male,,Grunge Style;Indie Style;Ivy Style;Preppy Style;Rugged Style;Vintage Style
2022/07/05 10:41:15 am GMT+8,55 - 64,Male,,Artsy Style;Bohemian Style;Hip Hop Style;Vacation Style;Vintage Style;Y2k Style
2022/07/05 10:41:43 am GMT+8,65 and above,Male,,Artsy Style;Bohemian Style;Chic Style;Classy Style;Ethnic Style;Vintage Style
2022/07/05 10:42:07 am GMT+8,65 and above,Male,,Biker Style;Casual Style;Chic Style;Evening Style;Formal Office Style;Punk Style
2022/07/05 10:42:37 am GMT+8,65 and above,Male,,Artsy Style;Bohemian Style;Chic Style;Ethnic Style;Indie Style;Vacation Style
2022/07/05 10:43:07 am GMT+8,65 and above,Male,,Boy Next Door Style;Casual Style;Classy Style;Indie Style;Ivy Style;Preppy Style
2022/07/05 10:43:36 am GMT+8,65 and above,Male,,Casual Style;Chic Style;Classy Style;Comfy Style;Formal Office Style;Vacation Style
2022/07/05 10:44:12 am GMT+8,65 and above,Male,,Chic Style;Classy Style;Evening Style;Formal Office Style;Ivy Style;Vintage Style
2022/07/05 10:44:44 am GMT+8,65 and above,Male,,Artsy Style;Chic Style;Classy Style;Formal Office Style;Ivy Style;Preppy Style
2022/07/05 10:45:41 am GMT+8,65 and above,Male,,Bohemian Style;Casual Style;Comfy Style;Formal Office Style;Ivy Style;Preppy Style
2022/07/05 10:45:59 am GMT+8,65 and above,Male,,Artsy Style;Bohemian Style;Ethnic Style;Evening Style;Formal Office Style;Ivy Style
2022/07/05 10:46:20 am GMT+8,65 and above,Male,,Chic Style;Classy Style;Evening Style;Formal Office Style;Ivy Style;Preppy Style
2022/07/05 10:46:46 am GMT+8,65 and above,Male,,Casual Style;Chic Style;Classy Style;Evening Style;Formal Office Style;Ivy Style
2022/07/05 10:47:23 am GMT+8,65 and above,Male,,Bohemian Style;Grunge Style;Indie Style;Rugged Style;Vacation Style;Vintage Style
2022/07/05 10:47:46 am GMT+8,65 and above,Male,,Hip Hop Style;Preppy Style;Rugged Style;Sporty Style;Streetwear Style;Varsity Style
2022/07/05 10:48:04 am GMT+8,65 and above,Male,,Bohemian Style;Grunge Style;Indie Style;Ivy Style;Preppy Style;Vintage Style
2022/07/05 10:48:28 am GMT+8,65 and above,Male,,Biker Style;Grunge Style;Ivy Style;Preppy Style;Rugged Style;Vacation Style
2022/07/05 10:49:22 am GMT+8,65 and above,Male,,Bohemian Style;Casual Style;Indie Style;Ivy Style;Preppy Style;Vacation Style
2022/07/05 10:50:08 am GMT+8,65 and above,Male,,Artsy Style;Biker Style;Chic Style;Punk Style;Streetwear Style;Vintage Style
2022/07/05 10:50:57 am GMT+8,65 and above,Male,,Grunge Style;Ivy Style;Rugged Style;Sporty Style;Vacation Style;Varsity Style
2022/07/05 10:51:57 am GMT+8,65 and above,Male,,Casual Style;Comfy Style;Formal Office Style;Rugged Style;Sporty Style;Vacation Style
2022/07/05 10:52:22 am GMT+8,65 and above,Male,,Artsy Style;Biker Style;Chic Style;Punk Style;Streetwear Style;Vintage Style
2022/07/05 10:53:11 am GMT+8,65 and above,Male,,Bohemian Style;Casual Style;Preppy Style;Rugged Style;Sporty Style;Vacation Style
2022/07/05 10:53:44 am GMT+8,65 and above,Male,,Boy Next Door Style;Casual Style;Comfy Style;Grunge Style;Hip Hop Style;Varsity Style
2022/07/05 10:55:29 am GMT+8,65 and above,Male,,Classy Style;Grunge Style;Indie Style;Ivy Style;Rugged Style;Vintage Style
2022/07/05 10:55:49 am GMT+8,65 and above,Male,,Artsy Style;Bohemian Style;Hip Hop Style;Indie Style;Vintage Style;Y2k Style
2022/07/05 10:56:57 am GMT+8,14 and below,Female,Artsy Style;Girl Next Door Style;Hip Hop Style;Indie Style;Kpop Style;Preppy Style,
2022/07/05 10:57:14 am GMT+8,14 and below,Male,,Boy Next Door Style;Casual Style;Comfy Style;Grunge Style;Indie Style;Sporty Style
2022/07/05 10:57:43 am GMT+8,14 and below,Male,,Boy Next Door Style;Casual Style;Comfy Style;Grunge Style;Indie Style;Vacation Style
2022/07/05 10:58:06 am GMT+8,14 and below,Male,,Casual Style;Comfy Style;Indie Style;Sporty Style;Vacation Style;Varsity Style
2022/07/05 10:58:35 am GMT+8,14 and below,Male,,Boy Next Door Style;Casual Style;Comfy Style;Hip Hop Style;Sporty Style;Varsity Style
2022/07/05 10:59:46 am GMT+8,14 and below,Male,,Artsy Style;Bohemian Style;Casual Style;Comfy Style;Hip Hop Style;Vacation Style
2022/07/05 11:00:33 am GMT+8,14 and below,Male,,Artsy Style;Bohemian Style;Hip Hop Style;Streetwear Style;Vintage Style;Y2k Style
2022/07/05 12:21:09 pm GMT+8,14 and below,Male,,Artsy Style;Bohemian Style;Boy Next Door Style;Comfy Style;Preppy Style;Vacation Style
2022/07/05 12:42:37 pm GMT+8,14 and below,Male,,Casual Style;Comfy Style;Grunge Style;Indie Style;Preppy Style;Sporty Style
2022/07/05 12:43:13 pm GMT+8,14 and below,Male,,Artsy Style;Hip Hop Style;Indie Style;Vacation Style;Vintage Style;Y2k Style
2022/07/05 12:45:07 pm GMT+8,14 and below,Male,,Artsy Style;Bohemian Style;Hip Hop Style;Indie Style;Vintage Style;Y2k Style
2022/07/05 12:45:28 pm GMT+8,14 and below,Male,,Biker Style;Hip Hop Style;Punk Style;Rugged Style;Streetwear Style;Varsity Style
2022/07/05 12:46:40 pm GMT+8,14 and below,Male,,Artsy Style;Bohemian Style;Boy Next Door Style;Indie Style;Sporty Style;Vacation Style
2022/07/05 12:47:20 pm GMT+8,14 and below,Male,,Casual Style;Comfy Style;Grunge Style;Sporty Style;Vacation Style;Varsity Style
2022/07/05 12:47:45 pm GMT+8,14 and below,Male,,Bohemian Style;Boy Next Door Style;Casual Style;Comfy Style;Sporty Style;Vacation Style
2022/07/05 12:48:04 pm GMT+8,14 and below,Male,,Boy Next Door Style;Casual Style;Comfy Style;Preppy Style;Sporty Style;Vacation Style
2022/07/05 12:48:48 pm GMT+8,14 and below,Male,,Casual Style;Chic Style;Classy Style;Hip Hop Style;Preppy Style;Streetwear Style
2022/07/05 12:50:52 pm GMT+8,14 and below,Male,,Casual Style;Chic Style;Classy Style;Ivy Style;Preppy Style;Vintage Style
2022/07/05 12:51:17 pm GMT+8,14 and below,Male,,Bohemian Style;Boy Next Door Style;Casual Style;Comfy Style;Sporty Style;Vacation Style
2022/07/05 12:51:56 pm GMT+8,14 and below,Male,,Artsy Style;Bohemian Style;Ethnic Style;Grunge Style;Vacation Style;Vintage Style
2022/07/05 12:53:24 pm GMT+8,14 and below,Male,,Casual Style;Chic Style;Classy Style;Evening Style;Formal Office Style;Vintage Style
2022/07/05 12:54:10 pm GMT+8,14 and below,Male,,Casual Style;Classy Style;Comfy Style;Formal Office Style;Preppy Style;Vacation Style
2022/07/05 12:57:08 pm GMT+8,14 and below,Male,,Boy Next Door Style;Casual Style;Grunge Style;Indie Style;Vacation Style;Vintage Style
2022/07/05 12:57:48 pm GMT+8,14 and below,Male,,Biker Style;Casual Style;Comfy Style;Hip Hop Style;Streetwear Style;Varsity Style
2022/07/05 12:58:29 pm GMT+8,14 and below,Male,,Casual Style;Indie Style;Preppy Style;Sporty Style;Vacation Style;Vintage Style
2022/07/05 12:59:33 pm GMT+8,14 and below,Male,,Biker Style;Indie Style;Ivy Style;Preppy Style;Rugged Style;Vintage Style
2022/07/05 3:21:15 pm GMT+8,14 and below,Female,Artsy Style;Comfy Style;Girl Next Door Style;Indie Style;Kpop Style;Vacation Style,
2022/07/05 3:21:50 pm GMT+8,14 and below,Female,Casual Style;Chic Style;Classy Style;Evening Style;Formal Office Style;Sexy Style,
2022/07/05 3:31:01 pm GMT+8,65 and above,Male,,Chic Style;Classy Style;Evening Style;Formal Office Style;Ivy Style;Rugged Style
2022/07/05 3:31:23 pm GMT+8,65 and above,Male,,Bohemian Style;Casual Style;Ethnic Style;Rugged Style;Vacation Style;Vintage Style
2022/07/05 3:31:37 pm GMT+8,65 and above,Male,,Chic Style;Classy Style;Ethnic Style;Evening Style;Formal Office Style;Ivy Style
2022/07/05 3:33:39 pm GMT+8,55 - 64,Female,Casual Style;Chic Style;Classy Style;Evening Style;Formal Office Style;Sexy Style,
2022/07/05 3:34:05 pm GMT+8,55 - 64,Female,Artsy Style;Bohemian Style;Chic Style;Ethnic Style;Vacation Style;Vintage Style,
2022/07/05 3:34:47 pm GMT+8,55 - 64,Female,Artsy Style;Girl Next Door Style;Grunge Style;Indie Style;Streetwear Style;Vintage Style,
2022/07/05 3:35:12 pm GMT+8,55 - 64,Female,Biker Style;Casual Style;Classy Style;Evening Style;Punk Style;Sexy Style,
2022/07/05 3:35:33 pm GMT+8,55 - 64,Female,Casual Style;Comfy Style;Hip Hop Style;Sporty Style;Streetwear Style;Vacation Style,
2022/07/05 3:35:55 pm GMT+8,55 - 64,Female,Artsy Style;Indie Style;Kpop Style;Lolita Style;Preppy Style;Vintage Style,
2022/07/05 3:36:09 pm GMT+8,55 - 64,Female,Chic Style;Classy Style;Comfy Style;Evening Style;Formal Office Style;Girl Next Door Style,
2022/07/05 3:36:34 pm GMT+8,55 - 64,Female,Biker Style;Casual Style;Comfy Style;Hip Hop Style;Sporty Style;Streetwear Style,
2022/07/05 3:36:54 pm GMT+8,55 - 64,Female,Bohemian Style;Girl Next Door Style;Kpop Style;Vacation Style;Vintage Style;Y2k Style,
2022/07/05 3:37:19 pm GMT+8,65 and above,Female,Artsy Style;Bohemian Style;Ethnic Style;Evening Style;Vacation Style;Vintage Style,
2022/07/05 3:37:53 pm GMT+8,65 and above,Female,Biker Style;Chic Style;Classy Style;Evening Style;Formal Office Style;Sexy Style,
2022/07/05 3:38:13 pm GMT+8,65 and above,Female,Artsy Style;Comfy Style;Ethnic Style;Girl Next Door Style;Vacation Style;Vintage Style,
2022/07/05 3:40:05 pm GMT+8,65 and above,Female,Biker Style;Casual Style;Comfy Style;Hip Hop Style;Punk Style;Streetwear Style,
2022/07/05 3:40:33 pm GMT+8,65 and above,Female,Bohemian Style;Chic Style;Classy Style;Ethnic Style;Evening Style;Vintage Style,
2022/07/05 3:41:26 pm GMT+8,65 and above,Female,Chic Style;Classy Style;Formal Office Style;Sexy Style;Sporty Style;Vacation Style,
2022/07/05 3:42:39 pm GMT+8,65 and above,Female,Artsy Style;Bohemian Style;Casual Style;Comfy Style;Vacation Style;Vintage Style,
2022/07/05 3:43:07 pm GMT+8,65 and above,Female,Artsy Style;Casual Style;Girl Next Door Style;Indie Style;Kpop Style;Vintage Style,
2022/07/05 3:43:32 pm GMT+8,65 and above,Female,Casual Style;Chic Style;Classy Style;Evening Style;Formal Office Style;Sexy Style,
2022/07/05 3:43:54 pm GMT+8,65 and above,Female,Chic Style;Comfy Style;Formal Office Style;Girl Next Door Style;Sporty Style;Vacation Style,
2022/07/05 3:44:27 pm GMT+8,65 and above,Female,Biker Style;Casual Style;Comfy Style;Hip Hop Style;Punk Style;Streetwear Style,
2022/07/05 3:45:03 pm GMT+8,65 and above,Female,Grunge Style;Indie Style;Kpop Style;Lolita Style;Preppy Style;Y2k Style,
2022/07/05 3:45:22 pm GMT+8,65 and above,Female,Artsy Style;Bohemian Style;Girl Next Door Style;Indie Style;Kpop Style;Vintage Style,
2022/07/05 3:45:37 pm GMT+8,65 and above,Female,Biker Style;Casual Style;Chic Style;Classy Style;Formal Office Style;Sexy Style,
2022/07/05 3:45:55 pm GMT+8,65 and above,Female,Casual Style;Chic Style;Comfy Style;Girl Next Door Style;Sporty Style;Vacation Style,
2022/07/05 3:47:29 pm GMT+8,65 and above,Female,Chic Style;Classy Style;Ethnic Style;Evening Style;Formal Office Style;Sexy Style,
2022/07/05 3:48:19 pm GMT+8,65 and above,Female,Bohemian Style;Indie Style;Kpop Style;Preppy Style;Vacation Style;Vintage Style,
2022/07/05 3:49:01 pm GMT+8,65 and above,Female,Casual Style;Chic Style;Classy Style;Evening Style;Formal Office Style;Girl Next Door Style,
2022/07/05 3:49:46 pm GMT+8,65 and above,Female,Biker Style;Casual Style;Comfy Style;Hip Hop Style;Sporty Style;Streetwear Style,
2022/07/05 3:50:47 pm GMT+8,65 and above,Female,Biker Style;Classy Style;Hip Hop Style;Sexy Style;Sporty Style;Streetwear Style,
2022/07/05 3:51:10 pm GMT+8,65 and above,Female,Bohemian Style;Grunge Style;Indie Style;Kpop Style;Lolita Style;Preppy Style,
2022/07/05 3:51:44 pm GMT+8,65 and above,Female,Artsy Style;Bohemian Style;Girl Next Door Style;Indie Style;Vintage Style;Y2k Style,
2022/07/05 3:52:55 pm GMT+8,65 and above,Female,Artsy Style;Bohemian Style;Casual Style;Sporty Style;Vacation Style;Vintage Style,
2022/07/05 3:53:47 pm GMT+8,65 and above,Female,Casual Style;Chic Style;Classy Style;Comfy Style;Sexy Style;Sporty Style,
2022/07/05 3:54:33 pm GMT+8,65 and above,Female,Artsy Style;Bohemian Style;Casual Style;Girl Next Door Style;Vacation Style;Vintage Style,
